"SampleSize","Model","Estimate","CI_lower","CI_upper"
250,"Fixed-effects",3,0.777983499613233,9.15130870953254
500,"Fixed-effects",9,4.45592691061811,16.8334635988412
750,"Fixed-effects",19,12.1065347257169,28.3317819819148
1000,"Fixed-effects",22,14.5826551424984,31.6131445018647
250,"Random-effects",0,0,4.61013406121864
500,"Random-effects",0,0,4.61013406121864
750,"Random-effects",0,0,4.61013406121864
1000,"Random-effects",2,0.347171265518223,7.7363988300504
